UserName:UserID,Anna:000001,Ethan:000002,Eva:000003,Liam:000004,Liam:000005,Eva:000006,Charlotte:000007,William:000008,Bella:000009,Bella:000010,David:000011,Rachel:000012,Mark:000013,Olivia:000014,Dylan:000015,Zoe:000016,Alex:000017,Lily:000018,David:000019,Emily:000020,Charlotte:000021,Ella:000022,Liam:000023,Amelia:000024,Sophia:000025,Matthew:000026,Liam:000027,Sam:000028,Alex:000029,Ella:000030,Grace:000031,Alex:000032,Hannah:000033,Evan:000034,Henry:000035,Leo:000036,Bella:000037,Leah:000038,Maya:000039,Aiden:000040,Victoria:000041,Sam:000042,Sophia:000043,Zoe:000044,Eva:000045,Mason:000046,Sophia:000047,Aria:000048,Jack:000049,Bella:000050,Benjamin:000051,Dylan:000052,James:000053,Dylan:000054,Rachel:000055,Ella:000056,Nathan:000057,Leah:000058,Evan:000059,Evan:000060,Ryan:000061,Tom:000062,Tom:000063,Hannah:000064,Aiden:000065,Chris:000066,Mark:000067,Mason:000068,William:000069,Sebastian:000070,Megan:000071,Amelia:000072,Anna:000073,Sophie:000074,Isaac:000075,Sam:000076,Olivia:000077,Sophia:000078,Victoria:000079,Jacob:000080,Matthew:000081,Ethan:000082,Max:000083,Dylan:000084,Michael:000085,Jack:000086,Zoe:000087,Jake:000088,Tom:000089,Anna:000090,Sophia:000091,Aria:000092,Grace:000093,Chloe:000094,Grace:000095,Ryan:000096,Bella:000097,Ella:000098,Jacob:000099,Leo:000100,Benjamin:000101,Benjamin:000102,Grace:000103,Grace:000104,Ella:000105,Sarah:000106,Max:000107,Isaac:000108,Anna:000109,Sophia:000110,Henry:000111,Ella:000112,Anna:000113,Ella:000114,Evan:000115,Ella:000116,Ava:000117,Aria:000118,Leo:000119,Matthew:000120,Sophie:000121,Evan:000122,Chloe:000123,Lisa:000124,Jack:000125,Zoe:000126,Chris:000127,Sophia:000128,Matthew:000129,Liam:000130,Mark:000131,Megan:000132,Olivia:000133,Ella:000134,Maya:000135,Michael:000136,Ella:000137,Daniel:000138,Rachel:000139,Lisa:000140,Isabella:000141,Hannah:000142,Leo:000143,James:000144,Chris:000145,Daniel:000146,Ella:000147,Nathan:000148,Daniel:000149,Sebastian:000150,Ella:000151,Ella:000152,Sophia:000153,Chloe:000154,Jordan:000155,Lisa:000156,Alex:000157,Aria:000158,Victoria:000159,Oliver:000160,Jordan:000161,Tom:000162,Sarah:000163,Matthew:000164,Liam:000165,Anna:000166,Ethan:000167,Grace:000168,Nina:000169,Sophie:000170,Jake:000171,Chris:000172,Aria:000173,Mason:000174,Amelia:000175,John:000176,Ella:000177,John:000178,Daniel:000179,Oliver:000180,Ella:000181,Max:000182,Ella:000183,Ava:000184,Max:000185,Ella:000186,Ryan:000187,Matthew:000188,Nina:000189,Grace:000190,James:000191,Liam:000192,Oliver:000193,Ethan:000194,Lily:000195,Megan:000196,Matthew:000197,Anna:000198,Ella:000199,Lisa:000200
Address,"789 Bay St, Toronto, ON","606 College St W, Toronto, ON","789 Sheppard Ave E, Toronto, ON","909 Ossington Ave, Toronto, ON","456 King St E, Toronto, ON","789 Bay St, Toronto, ON","456 King St E, Toronto, ON","101 Front St W, Toronto, ON","303 King St W, Toronto, ON","202 St George St, Toronto, ON","404 Yonge St N, Toronto, ON","202 Dundas St W, Toronto, ON","202 Dundas St W, Toronto, ON","909 Queen St N, Toronto, ON","789 Don Mills Rd, Toronto, ON","808 Islington Ave, Toronto, ON","808 Islington Ave, Toronto, ON","303 King St W, Toronto, ON","505 Parliament St, Toronto, ON","202 St George St, Toronto, ON","202 Millwood Rd, Toronto, ON","404 Yonge St N, Toronto, ON","303 Bayview Ave, Toronto, ON","909 Lawrence Ave W, Toronto, ON","123 Dufferin St, Toronto, ON","202 Dundas St W, Toronto, ON","808 Old Weston Rd, Toronto, ON","909 Lawrence Ave W, Toronto, ON","909 Queen St N, Toronto, ON","303 Bayview Ave, Toronto, ON","303 Queen St W, Toronto, ON","404 Richmond St W, Toronto, ON","101 Eglinton Ave W, Toronto, ON","123 Leslie St, Toronto, ON","606 Front St E, Toronto, ON","303 Queen St W, Toronto, ON","202 St George St, Toronto, ON","606 Christie St, Toronto, ON","707 Parkdale Ave, Toronto, ON","404 Yonge St N, Toronto, ON","303 Yonge St, Toronto, ON","123 Davenport Rd, Toronto, ON","505 St Clair Ave E, Toronto, ON","789 Don Mills Rd, Toronto, ON","202 Dundas St W, Toronto, ON","123 Church St, Toronto, ON","808 Bathurst St, Toronto, ON","202 Queen St E, Toronto, ON","202 Millwood Rd, Toronto, ON","202 Queen St E, Toronto, ON","606 Spadina Ave, Toronto, ON","303 Queen St W, Toronto, ON","707 Broadview Ave, Toronto, ON","404 Mill St, Toronto, ON","123 Dufferin St, Toronto, ON","404 Queen St S, Toronto, ON","808 Old Weston Rd, Toronto, ON","202 Kipling Ave, Toronto, ON","202 Millwood Rd, Toronto, ON","606 Spadina Rd, Toronto, ON","707 Parkdale Ave, Toronto, ON","404 Bloor St W, Toronto, ON","303 Queen St W, Toronto, ON","101 Front St W, Toronto, ON","789 Bay St, Toronto, ON","202 Millwood Rd, Toronto, ON","909 Queen St N, Toronto, ON","707 Broadview Ave, Toronto, ON","101 Eglinton Ave W, Toronto, ON","404 Richmond St W, Toronto, ON","505 High Park Ave, Toronto, ON","101 Front St W, Toronto, ON","707 Parkdale Ave, Toronto, ON","606 College St W, Toronto, ON","456 King St E, Toronto, ON","123 Davenport Rd, Toronto, ON","456 St Clair Ave W, Toronto, ON","404 Queen St S, Toronto, ON","505 College St, Toronto, ON","505 Wellington St W, Toronto, ON","808 Dupont St, Toronto, ON","101 Front St W, Toronto, ON","909 Ossington Ave, Toronto, ON","606 Christie St, Toronto, ON","505 High Park Ave, Toronto, ON","123 Leslie St, Toronto, ON","101 Eglinton Ave W, Toronto, ON","808 Old Weston Rd, Toronto, ON","101 Finch Ave W, Toronto, ON","404 Bloor St W, Toronto, ON","505 Parliament St, Toronto, ON","303 Bathurst St W, Toronto, ON","101 Lawrence Ave W, Toronto, ON","789 Bay St, Toronto, ON","789 Roncesvalles Ave, Toronto, ON","303 Queen St W, Toronto, ON","456 Keele St, Toronto, ON","909 Queen St N, Toronto, ON","707 Humber Blvd, Toronto, ON","456 King St E, Toronto, ON","303 King St W, Toronto, ON","456 Broadview Ave S, Toronto, ON","808 Bathurst St, Toronto, ON","303 Queen St W, Toronto, ON","202 Queen St E, Toronto, ON","303 King St W, Toronto, ON","789 Sheppard Ave E, Toronto, ON","505 Wellington St W, Toronto, ON","202 Dundas St W, Toronto, ON","101 Bayview Ave, Toronto, ON","123 Dufferin St, Toronto, ON","909 Ossington Ave, Toronto, ON","505 Wellington St W, Toronto, ON","707 Parkdale Ave, Toronto, ON","606 Spadina Ave, Toronto, ON","909 Queen St N, Toronto, ON","505 Parliament St, Toronto, ON","789 Sheppard Ave E, Toronto, ON","505 College St, Toronto, ON","808 Dupont St, Toronto, ON","707 Broadview Ave, Toronto, ON","789 Don Mills Rd, Toronto, ON","707 Parkdale Ave, Toronto, ON","808 Dupont St, Toronto, ON","202 Queen St E, Toronto, ON","303 King St W, Toronto, ON","303 King St W, Toronto, ON","404 Queen St S, Toronto, ON","707 Gerrard St E, Toronto, ON","456 Broadview Ave S, Toronto, ON","808 Islington Ave, Toronto, ON","101 Eglinton Ave W, Toronto, ON","202 St George St, Toronto, ON","808 Dupont St, Toronto, ON","404 Richmond St W, Toronto, ON","202 Millwood Rd, Toronto, ON","202 Dundas St W, Toronto, ON","909 Don Roadway, Toronto, ON","505 High Park Ave, Toronto, ON","606 Front St E, Toronto, ON","404 Richmond St W, Toronto, ON","505 Wellington St W, Toronto, ON","123 Queen St W, Toronto, ON","789 Bay St, Toronto, ON","123 Queen St W, Toronto, ON","456 Weston Rd, Toronto, ON","303 Yonge St, Toronto, ON","808 Royal York Rd, Toronto, ON","505 Wellington St W, Toronto, ON","303 Bathurst St W, Toronto, ON","909 Queen St N, Toronto, ON","123 Davenport Rd, Toronto, ON","123 Dufferin St, Toronto, ON","101 Finch Ave W, Toronto, ON","202 Millwood Rd, Toronto, ON","808 Dupont St, Toronto, ON","303 King St W, Toronto, ON","909 Queen St N, Toronto, ON","123 Queen St W, Toronto, ON","123 Queen St W, Toronto, ON","404 Queen St S, Toronto, ON","505 St Clair Ave E, Toronto, ON","789 Sheppard Ave E, Toronto, ON","202 Millwood Rd, Toronto, ON","808 Old Weston Rd, Toronto, ON","789 Lawrence Ave E, Toronto, ON","456 Weston Rd, Toronto, ON","456 St Clair Ave W, Toronto, ON","202 St George St, Toronto, ON","707 Parkdale Ave, Toronto, ON","123 Dufferin St, Toronto, ON","909 Lawrence Ave W, Toronto, ON","202 Kipling Ave, Toronto, ON","456 St Clair Ave W, Toronto, ON","606 Spadina Rd, Toronto, ON","202 Millwood Rd, Toronto, ON","789 Don Mills Rd, Toronto, ON","505 High Park Ave, Toronto, ON","404 Mill St, Toronto, ON","789 Roncesvalles Ave, Toronto, ON","456 King St E, Toronto, ON","101 Front St W, Toronto, ON","808 Royal York Rd, Toronto, ON","101 Finch Ave W, Toronto, ON","707 Broadview Ave, Toronto, ON","303 Bathurst St W, Toronto, ON","404 Richmond St W, Toronto, ON","789 Roncesvalles Ave, Toronto, ON","303 Yonge St, Toronto, ON","303 Queen St W, Toronto, ON","123 Leslie St, Toronto, ON","789 Lawrence Ave E, Toronto, ON","789 Lawrence Ave E, Toronto, ON","303 Queen St W, Toronto, ON","606 Spadina Rd, Toronto, ON","456 Keele St, Toronto, ON","606 College St W, Toronto, ON","303 King St W, Toronto, ON","456 Keele St, Toronto, ON","456 St Clair Ave W, Toronto, ON"
Most Visited Category,Jeans,Casual Wear,Bed Sheets,Curtains & Drapes,Activewear,Leggings & Tights,Comforters,Footwear,Rugs & Carpets,Floor Mats,Bras & Lingerie,Coveralls,Napkins,Comforters,Tights & Pantyhose,Bags & Backpacks,Shirts,Quilts,Window Blinds,Shams,Napkins,Socks & Hosiery,Loungewear,Sleep Pants & Shorts,Blouses,Luxury/Designer Wear,Bedding,Mattress Protectors,Coveralls,Hiking Gear,Sweaters & Cardigans,Rainwear,Footwear,Teddy Coats,Sleepwear,Footwear,Napkins,Cushion Covers,Sweatpants & Joggers,Aprons,Window Blinds,Leggings & Tights,Mattress Protectors,Raincoats & Ponchos,Vest Tops,Casual Wear,Window Blinds,Sleepwear,Socks & Hosiery,Teddy Coats,Bathrobes,Pajamas & Nightwear,Sleepwear,Rugs & Carpets,Floor Mats,Bermuda Shorts,Fleece Jackets,Floor Mats,Blazers & Jackets,Vest Tops,Sleep Pants & Shorts,Hats & Caps,Tights & Pantyhose,Curtains & Drapes,Aprons,Activewear,Vintage Clothing,Rainwear,Tights & Pantyhose,Comforters,Underwear,Kimonos,Loungewear,Fleece Pants,Underwear,Suits,Thermal Wear,Bed Sheets,Camisoles & Tops,Sportswear,Rainwear,Fleece Jackets,Cushion Covers,Formal Wear,Performance Gear,Blankets,Tablecloths,Chinos & Trousers,Overalls & Jumpsuits,Cushion Covers,Jackets & Coats,Shorts,Pajamas & Nightwear,Napkins,Casual Wear,Underwear,Skirts & Pants,Teddy Coats,Skirts & Pants,Teddy Coats,Outdoor Wear,Sportswear,Bed Sheets,Raincoats & Ponchos,Throws & Throws,Thermal Wear,Loungewear,Skirts & Pants,Vests,Overalls & Jumpsuits,Suits,Cushion Covers,Sportswear,Tops,Hiking Gear,Tunics,Ethnic Wear,Jackets & Coats,Outdoor Wear,Sweatpants & Joggers,Uniforms,Underwear,Performance Gear,Bras & Lingerie,Activewear,Kimonos,Cushion Covers,Rugs & Carpets,Bathrobes,Ties & Scarves,Fleece Pants,Laundry Bags,Tights & Pantyhose,Comforters,Formal Wear,Bathrobes,Thermal Wear,Bedding,Bedding,Shorts,Teddy Coats,Aprons,Skorts,Socks & Hosiery,Fleece Jackets,Thermal Wear,Vintage Clothing,Ties & Scarves,Uniforms,Loungewear,Shorts,Ethnic Wear,Hats & Caps,Blazers & Jackets,Vests,Workwear,Kimonos,Sweaters & Cardigans,Napkins,Ethnic Wear,Window Blinds,Fleece Jackets,Napkins,Sportswear,Blankets,Sleep Pants & Shorts,Ties & Scarves,Overalls & Jumpsuits,Shams,Window Blinds,Sleep Pants & Shorts,Towels,Bags & Backpacks,Quilts,T-Shirts,Raincoats & Ponchos,Coveralls,Vest Tops,Curtains & Drapes,Suits,Bermuda Shorts,Camisoles & Tops,Overalls & Jumpsuits,Skorts,Cushion Covers,Vests,Luxury/Designer Wear,Window Blinds,Shirts,Raincoats & Ponchos,Jeans,Uniforms,Luxury/Designer Wear,Workwear,Rugs & Carpets,Fleece Pants,Skorts,Overalls & Jumpsuits,Shams,Skorts